date,ticker,close_price
2026-01-01,DUM01,2681.54
2026-01-02,DUM01,2659.21
2026-01-05,DUM01,2548.04
2026-01-06,DUM01,2496.49
2026-01-07,DUM01,2464.38
2026-01-08,DUM01,2539.05
2026-01-09,DUM01,2564.46
2026-01-12,DUM01,2436.5
2026-01-13,DUM01,2459.54
2026-01-14,DUM01,2433.19
2026-01-15,DUM01,2386.93
2026-01-16,DUM01,2429.02
2026-01-19,DUM01,2500.81
2026-01-20,DUM01,2567.64
2026-01-21,DUM01,2506.97
2026-01-22,DUM01,2485.52
2026-01-23,DUM01,2509.53
2026-01-26,DUM01,2579.75
2026-01-27,DUM01,2545.21
2026-01-28,DUM01,2532.38
2026-01-29,DUM01,2453.31
2026-01-30,DUM01,2370.44
2026-02-02,DUM01,2425.77
2026-02-03,DUM01,2519.91
2026-02-04,DUM01,2515.35
2026-02-05,DUM01,2587.73
2026-02-06,DUM01,2614.96
2026-02-09,DUM01,2567.61
2026-02-10,DUM01,2594.61
2026-02-11,DUM01,2708.71
2026-02-12,DUM01,2706.59
2026-02-13,DUM01,2827.66
2026-02-16,DUM01,2617.68
2026-02-17,DUM01,2679.49
2026-02-18,DUM01,2686.76
2026-02-19,DUM01,2664.55
2026-02-20,DUM01,2672.14
2026-02-23,DUM01,2521.74
2026-02-24,DUM01,2506.59
2026-02-25,DUM01,2532.64
2026-02-26,DUM01,2639.68
2026-02-27,DUM01,2601.41
2026-03-02,DUM01,2542.22
2026-03-03,DUM01,2506.55
2026-03-04,DUM01,2572.4
2026-03-05,DUM01,2597.06
2026-03-06,DUM01,2558.55
2026-03-09,DUM01,2596.5
2026-03-10,DUM01,2604.29
2026-03-11,DUM01,2676.65
2026-03-12,DUM01,2623.85
2026-03-13,DUM01,2600.02
2026-03-16,DUM01,2571.65
2026-03-17,DUM01,2465.23
2026-03-18,DUM01,2486.58
2026-03-19,DUM01,2505.63
2026-03-20,DUM01,2506.59
2026-03-23,DUM01,2490.47
2026-03-24,DUM01,2390.82
2026-03-25,DUM01,2362.79
2026-03-26,DUM01,2340.33
2026-03-27,DUM01,2287.49
2026-03-30,DUM01,2277.54
2026-03-31,DUM01,2304.25
2026-01-01,DUM02,1580.45
2026-01-02,DUM02,1535.29
2026-01-05,DUM02,1507.36
2026-01-06,DUM02,1482.02
2026-01-07,DUM02,1485.13
2026-01-08,DUM02,1474.53
2026-01-09,DUM02,1458.23
2026-01-12,DUM02,1458.82
2026-01-13,DUM02,1471.34
2026-01-14,DUM02,1465.25
2026-01-15,DUM02,1451.19
2026-01-16,DUM02,1441.11
2026-01-19,DUM02,1450.05
2026-01-20,DUM02,1450.34
2026-01-21,DUM02,1470.05
2026-01-22,DUM02,1441.34
2026-01-23,DUM02,1422.52
2026-01-26,DUM02,1441.99
2026-01-27,DUM02,1422.5
2026-01-28,DUM02,1456.98
2026-01-29,DUM02,1492.82
2026-01-30,DUM02,1529.22
2026-02-02,DUM02,1506.47
2026-02-03,DUM02,1508.97
2026-02-04,DUM02,1496.61
2026-02-05,DUM02,1520.97
2026-02-06,DUM02,1566.32
2026-02-09,DUM02,1590.47
2026-02-10,DUM02,1591.25
2026-02-11,DUM02,1581.73
2026-02-12,DUM02,1599.99
2026-02-13,DUM02,1566.73
2026-02-16,DUM02,1581.77
2026-02-17,DUM02,1557.3
2026-02-18,DUM02,1574.51
2026-02-19,DUM02,1570.66
2026-02-20,DUM02,1560.65
2026-02-23,DUM02,1537.3
2026-02-24,DUM02,1528.34
2026-02-25,DUM02,1543.52
2026-02-26,DUM02,1571.87
2026-02-27,DUM02,1586.68
2026-03-02,DUM02,1624.59
2026-03-03,DUM02,1696.38
2026-03-04,DUM02,1687.44
2026-03-05,DUM02,1682.0
2026-03-06,DUM02,1640.72
2026-03-09,DUM02,1675.01
2026-03-10,DUM02,1713.17
2026-03-11,DUM02,1688.08
2026-03-12,DUM02,1706.65
2026-03-13,DUM02,1743.09
2026-03-16,DUM02,1750.48
2026-03-17,DUM02,1776.69
2026-03-18,DUM02,1782.64
2026-03-19,DUM02,1745.77
2026-03-20,DUM02,1777.99
2026-03-23,DUM02,1819.28
2026-03-24,DUM02,1842.96
2026-03-25,DUM02,1813.19
2026-03-26,DUM02,1790.27
2026-03-27,DUM02,1755.91
2026-03-30,DUM02,1779.85
2026-03-31,DUM02,1819.43
2026-01-01,DUM03,2542.56
2026-01-02,DUM03,2502.35
2026-01-05,DUM03,2455.53
2026-01-06,DUM03,2413.44
2026-01-07,DUM03,2410.17
2026-01-08,DUM03,2428.44
2026-01-09,DUM03,2443.51
2026-01-12,DUM03,2487.4
2026-01-13,DUM03,2488.82
2026-01-14,DUM03,2566.84
2026-01-15,DUM03,2553.08
2026-01-16,DUM03,2702.2
2026-01-19,DUM03,2739.12
2026-01-20,DUM03,2689.75
2026-01-21,DUM03,2628.99
2026-01-22,DUM03,2656.86
2026-01-23,DUM03,2644.95
2026-01-26,DUM03,2686.07
2026-01-27,DUM03,2714.02
2026-01-28,DUM03,2710.59
2026-01-29,DUM03,2662.33
2026-01-30,DUM03,2576.94
2026-02-02,DUM03,2553.11
2026-02-03,DUM03,2600.57
2026-02-04,DUM03,2613.23
2026-02-05,DUM03,2544.43
2026-02-06,DUM03,2554.59
2026-02-09,DUM03,2576.37
2026-02-10,DUM03,2528.47
2026-02-11,DUM03,2537.51
2026-02-12,DUM03,2541.4
2026-02-13,DUM03,2480.08
2026-02-16,DUM03,2499.77
2026-02-17,DUM03,2530.45
2026-02-18,DUM03,2589.74
2026-02-19,DUM03,2648.81
2026-02-20,DUM03,2571.61
2026-02-23,DUM03,2520.83
2026-02-24,DUM03,2549.31
2026-02-25,DUM03,2578.04
2026-02-26,DUM03,2607.16
2026-02-27,DUM03,2822.54
2026-03-02,DUM03,2857.79
2026-03-03,DUM03,2927.96
2026-03-04,DUM03,2988.5
2026-03-05,DUM03,3030.96
2026-03-06,DUM03,3011.43
2026-03-09,DUM03,3061.14
2026-03-10,DUM03,3011.49
2026-03-11,DUM03,2997.13
2026-03-12,DUM03,2966.93
2026-03-13,DUM03,2972.98
2026-03-16,DUM03,3120.88
2026-03-17,DUM03,2997.28
2026-03-18,DUM03,3042.1
2026-03-19,DUM03,2938.17
2026-03-20,DUM03,2909.4
2026-03-23,DUM03,2977.94
2026-03-24,DUM03,2982.9
2026-03-25,DUM03,2915.08
2026-03-26,DUM03,2871.38
2026-03-27,DUM03,2913.91
2026-03-30,DUM03,2869.29
2026-03-31,DUM03,2883.4
2026-01-01,DUM04,208.24
2026-01-02,DUM04,211.87
2026-01-05,DUM04,211.98
2026-01-06,DUM04,213.96
2026-01-07,DUM04,218.67
2026-01-08,DUM04,215.85
2026-01-09,DUM04,213.89
2026-01-12,DUM04,206.5
2026-01-13,DUM04,203.22
2026-01-14,DUM04,210.28
2026-01-15,DUM04,208.85
2026-01-16,DUM04,207.51
2026-01-19,DUM04,208.92
2026-01-20,DUM04,201.95
2026-01-21,DUM04,205.96
2026-01-22,DUM04,211.42
2026-01-23,DUM04,213.12
2026-01-26,DUM04,220.48
2026-01-27,DUM04,214.43
2026-01-28,DUM04,222.7
2026-01-29,DUM04,219.35
2026-01-30,DUM04,213.55
2026-02-02,DUM04,212.53
2026-02-03,DUM04,220.85
2026-02-04,DUM04,220.8
2026-02-05,DUM04,216.55
2026-02-06,DUM04,210.75
2026-02-09,DUM04,210.33
2026-02-10,DUM04,201.64
2026-02-11,DUM04,196.21
2026-02-12,DUM04,202.55
2026-02-13,DUM04,208.17
2026-02-16,DUM04,207.65
2026-02-17,DUM04,205.67
2026-02-18,DUM04,205.96
2026-02-19,DUM04,216.06
2026-02-20,DUM04,217.92
2026-02-23,DUM04,222.08
2026-02-24,DUM04,221.19
2026-02-25,DUM04,221.51
2026-02-26,DUM04,224.53
2026-02-27,DUM04,225.16
2026-03-02,DUM04,216.31
2026-03-03,DUM04,222.11
2026-03-04,DUM04,219.31
2026-03-05,DUM04,228.98
2026-03-06,DUM04,232.3
2026-03-09,DUM04,232.68
2026-03-10,DUM04,234.85
2026-03-11,DUM04,234.36
2026-03-12,DUM04,232.03
2026-03-13,DUM04,233.08
2026-03-16,DUM04,237.41
2026-03-17,DUM04,235.16
2026-03-18,DUM04,232.15
2026-03-19,DUM04,230.48
2026-03-20,DUM04,235.09
2026-03-23,DUM04,242.23
2026-03-24,DUM04,244.1
2026-03-25,DUM04,247.1
2026-03-26,DUM04,243.91
2026-03-27,DUM04,248.4
2026-03-30,DUM04,251.3
2026-03-31,DUM04,247.63
2026-01-01,DUM05,2488.27
2026-01-02,DUM05,2462.88
2026-01-05,DUM05,2488.93
2026-01-06,DUM05,2481.21
2026-01-07,DUM05,2472.82
2026-01-08,DUM05,2523.88
2026-01-09,DUM05,2563.4
2026-01-12,DUM05,2602.97
2026-01-13,DUM05,2666.54
2026-01-14,DUM05,2669.14
2026-01-15,DUM05,2703.94
2026-01-16,DUM05,2690.23
2026-01-19,DUM05,2707.73
2026-01-20,DUM05,2702.9
2026-01-21,DUM05,2709.29
2026-01-22,DUM05,2740.32
2026-01-23,DUM05,2701.02
2026-01-26,DUM05,2805.77
2026-01-27,DUM05,2755.91
2026-01-28,DUM05,2696.46
2026-01-29,DUM05,2755.06
2026-01-30,DUM05,2796.49
2026-02-02,DUM05,2830.01
2026-02-03,DUM05,2864.14
2026-02-04,DUM05,2865.19
2026-02-05,DUM05,2819.96
2026-02-06,DUM05,2825.53
2026-02-09,DUM05,2792.28
2026-02-10,DUM05,2843.63
2026-02-11,DUM05,2837.68
2026-02-12,DUM05,2796.6
2026-02-13,DUM05,2781.85
2026-02-16,DUM05,2804.46
2026-02-17,DUM05,2777.26
2026-02-18,DUM05,2737.23
2026-02-19,DUM05,2751.02
2026-02-20,DUM05,2764.95
2026-02-23,DUM05,2741.0
2026-02-24,DUM05,2719.05
2026-02-25,DUM05,2732.18
2026-02-26,DUM05,2661.58
2026-02-27,DUM05,2594.78
2026-03-02,DUM05,2562.29
2026-03-03,DUM05,2553.82
2026-03-04,DUM05,2569.83
2026-03-05,DUM05,2640.55
2026-03-06,DUM05,2683.44
2026-03-09,DUM05,2677.2
2026-03-10,DUM05,2677.85
2026-03-11,DUM05,2630.44
2026-03-12,DUM05,2631.1
2026-03-13,DUM05,2618.8
2026-03-16,DUM05,2635.77
2026-03-17,DUM05,2597.53
2026-03-18,DUM05,2623.69
2026-03-19,DUM05,2698.64
2026-03-20,DUM05,2694.88
2026-03-23,DUM05,2716.24
2026-03-24,DUM05,2752.06
2026-03-25,DUM05,2733.53
2026-03-26,DUM05,2746.33
2026-03-27,DUM05,2748.59
2026-03-30,DUM05,2755.11
2026-03-31,DUM05,2717.87
2026-01-01,DUM06,2881.55
2026-01-02,DUM06,3003.11
2026-01-05,DUM06,3085.05
2026-01-06,DUM06,3212.13
2026-01-07,DUM06,3204.63
2026-01-08,DUM06,3275.85
2026-01-09,DUM06,3168.9
2026-01-12,DUM06,3225.56
2026-01-13,DUM06,3214.62
2026-01-14,DUM06,3116.78
2026-01-15,DUM06,3190.01
2026-01-16,DUM06,3060.12
2026-01-19,DUM06,2928.44
2026-01-20,DUM06,2952.91
2026-01-21,DUM06,2991.53
2026-01-22,DUM06,3057.62
2026-01-23,DUM06,3109.38
2026-01-26,DUM06,3213.63
2026-01-27,DUM06,3265.01
2026-01-28,DUM06,3255.81
2026-01-29,DUM06,3250.95
2026-01-30,DUM06,3230.78
2026-02-02,DUM06,3252.9
2026-02-03,DUM06,3172.82
2026-02-04,DUM06,3197.8
2026-02-05,DUM06,3192.1
2026-02-06,DUM06,3212.52
2026-02-09,DUM06,3233.29
2026-02-10,DUM06,3054.75
2026-02-11,DUM06,2993.08
2026-02-12,DUM06,2986.25
2026-02-13,DUM06,2983.02
2026-02-16,DUM06,3001.0
2026-02-17,DUM06,3022.01
2026-02-18,DUM06,3126.03
2026-02-19,DUM06,3148.62
2026-02-20,DUM06,3126.9
2026-02-23,DUM06,3014.49
2026-02-24,DUM06,2921.81
2026-02-25,DUM06,2957.65
2026-02-26,DUM06,3029.0
2026-02-27,DUM06,3134.98
2026-03-02,DUM06,3076.89
2026-03-03,DUM06,3056.3
2026-03-04,DUM06,3073.55
2026-03-05,DUM06,3216.21
2026-03-06,DUM06,3225.11
2026-03-09,DUM06,3338.67
2026-03-10,DUM06,3352.05
2026-03-11,DUM06,3439.95
2026-03-12,DUM06,3520.3
2026-03-13,DUM06,3534.11
2026-03-16,DUM06,3453.26
2026-03-17,DUM06,3432.86
2026-03-18,DUM06,3548.9
2026-03-19,DUM06,3619.88
2026-03-20,DUM06,3585.04
2026-03-23,DUM06,3557.93
2026-03-24,DUM06,3419.44
2026-03-25,DUM06,3531.58
2026-03-26,DUM06,3602.86
2026-03-27,DUM06,3592.32
2026-03-30,DUM06,3609.18
2026-03-31,DUM06,3432.81
2026-01-01,DUM07,2271.63
2026-01-02,DUM07,2268.92
2026-01-05,DUM07,2288.61
2026-01-06,DUM07,2287.06
2026-01-07,DUM07,2181.08
2026-01-08,DUM07,2176.84
2026-01-09,DUM07,2113.24
2026-01-12,DUM07,2145.12
2026-01-13,DUM07,2162.89
2026-01-14,DUM07,2117.39
2026-01-16,DUM07,2043.46
2026-01-19,DUM07,2040.7
2026-01-20,DUM07,2084.56
2026-01-21,DUM07,2038.56
2026-01-22,DUM07,2061.74
2026-01-23,DUM07,2037.32
2026-01-26,DUM07,2001.19
2026-01-27,DUM07,1996.49
2026-01-28,DUM07,1950.22
2026-01-29,DUM07,1926.1
2026-01-30,DUM07,1874.43
2026-02-02,DUM07,1957.19
2026-02-03,DUM07,1958.85
2026-02-04,DUM07,1928.2
2026-02-05,DUM07,1937.57
2026-02-06,DUM07,1932.79
2026-02-09,DUM07,1923.32
2026-02-10,DUM07,1949.94
2026-02-11,DUM07,1983.2
2026-02-12,DUM07,1959.7
2026-02-13,DUM07,1934.49
2026-02-16,DUM07,1922.66
2026-02-17,DUM07,1823.44
2026-02-18,DUM07,1761.54
2026-02-19,DUM07,1815.68
2026-02-20,DUM07,1882.81
2026-02-23,DUM07,1872.39
2026-02-24,DUM07,1896.73
2026-02-25,DUM07,1910.08
2026-02-26,DUM07,2042.17
2026-02-27,DUM07,2093.6
2026-03-02,DUM07,2087.71
2026-03-03,DUM07,2043.06
2026-03-04,DUM07,1969.52
2026-03-05,DUM07,1978.62
2026-03-06,DUM07,1945.15
2026-03-09,DUM07,1883.18
2026-03-10,DUM07,1855.96
2026-03-11,DUM07,1811.02
2026-03-12,DUM07,1879.69
2026-03-13,DUM07,1916.99
2026-03-16,DUM07,1916.75
2026-03-17,DUM07,1980.52
2026-03-18,DUM07,1984.07
2026-03-19,DUM07,1945.84
2026-03-20,DUM07,2012.46
2026-03-23,DUM07,2036.91
2026-03-24,DUM07,1989.61
2026-03-25,DUM07,1981.23
2026-03-26,DUM07,1942.41
2026-03-27,DUM07,1882.24
2026-03-30,DUM07,1921.47
2026-03-31,DUM07,2003.92
2026-01-01,DUM08,1092.34
2026-01-02,DUM08,1087.22
2026-01-05,DUM08,1076.84
2026-01-06,DUM08,1062.57
2026-01-07,DUM08,1054.22
2026-01-08,DUM08,1045.2
2026-01-09,DUM08,1026.66
2026-01-12,DUM08,1014.88
2026-01-13,DUM08,959.31
2026-01-14,DUM08,974.4
2026-01-15,DUM08,983.38
2026-01-16,DUM08,982.11
2026-01-19,DUM08,987.84
2026-01-20,DUM08,994.4
2026-01-21,DUM08,979.06
2026-01-22,DUM08,968.11
2026-01-23,DUM08,979.99
2026-01-26,DUM08,985.06
2026-01-27,DUM08,1030.15
2026-01-28,DUM08,1067.66
2026-01-29,DUM08,1090.31
2026-01-30,DUM08,1072.59
2026-02-02,DUM08,1059.83
2026-02-03,DUM08,1036.96
2026-02-04,DUM08,1043.99
2026-02-05,DUM08,981.32
2026-02-06,DUM08,971.94
2026-02-09,DUM08,965.92
2026-02-10,DUM08,933.93
2026-02-11,DUM08,950.95
2026-02-12,DUM08,927.55
2026-02-13,DUM08,933.59
2026-02-16,DUM08,991.62
2026-02-17,DUM08,956.87
2026-02-18,DUM08,954.29
2026-02-19,DUM08,946.25
2026-02-20,DUM08,934.21
2026-02-23,DUM08,950.47
2026-02-24,DUM08,974.28
2026-02-25,DUM08,991.48
2026-02-26,DUM08,976.2
2026-02-27,DUM08,1029.32
2026-03-02,DUM08,989.63
2026-03-03,DUM08,967.61
2026-03-04,DUM08,971.81
2026-03-05,DUM08,974.3
2026-03-06,DUM08,985.39
2026-03-09,DUM08,1020.4
2026-03-10,DUM08,1018.3
2026-03-11,DUM08,1021.46
2026-03-12,DUM08,1008.63
2026-03-13,DUM08,1022.35
2026-03-16,DUM08,1015.75
2026-03-17,DUM08,1009.18
2026-03-18,DUM08,1021.9
2026-03-19,DUM08,1045.89
2026-03-20,DUM08,995.43
2026-03-23,DUM08,1003.96
2026-03-24,DUM08,998.55
2026-03-25,DUM08,1020.06
2026-03-26,DUM08,1015.02
2026-03-27,DUM08,1044.82
2026-03-30,DUM08,1029.81
2026-03-31,DUM08,979.62
2026-01-01,DUM09,945.57
2026-01-02,DUM09,941.77
2026-01-05,DUM09,957.79
2026-01-06,DUM09,915.67
2026-01-07,DUM09,920.34
2026-01-08,DUM09,934.91
2026-01-09,DUM09,907.54
2026-01-12,DUM09,928.69
2026-01-13,DUM09,935.34
2026-01-14,DUM09,927.9
2026-01-15,DUM09,940.02
2026-01-16,DUM09,983.18
2026-01-19,DUM09,987.13
2026-01-20,DUM09,992.41
2026-01-21,DUM09,983.64
2026-01-22,DUM09,967.24
2026-01-23,DUM09,983.71
2026-01-26,DUM09,967.19
2026-01-27,DUM09,968.94
2026-01-28,DUM09,960.02
2026-01-29,DUM09,969.6
2026-01-30,DUM09,976.45
2026-02-02,DUM09,997.13
2026-02-03,DUM09,987.3
2026-02-04,DUM09,982.32
2026-02-05,DUM09,963.41
2026-02-06,DUM09,955.18
2026-02-09,DUM09,962.77
2026-02-10,DUM09,977.74
2026-02-11,DUM09,960.03
2026-02-12,DUM09,977.13
2026-02-13,DUM09,1004.05
2026-02-16,DUM09,1012.75
2026-02-17,DUM09,1051.25
2026-02-18,DUM09,1035.33
2026-02-19,DUM09,1009.87
2026-02-20,DUM09,974.23
2026-02-23,DUM09,1003.82
2026-02-24,DUM09,1017.36
2026-02-25,DUM09,1016.61
2026-02-26,DUM09,1022.7
2026-02-27,DUM09,999.99
2026-03-02,DUM09,1049.42
2026-03-03,DUM09,1052.53
2026-03-04,DUM09,1055.23
2026-03-05,DUM09,1070.98
2026-03-06,DUM09,1081.71
2026-03-09,DUM09,1086.97
2026-03-10,DUM09,1070.14
2026-03-11,DUM09,1080.66
2026-03-12,DUM09,1121.85
2026-03-13,DUM09,1152.54
2026-03-16,DUM09,1189.79
2026-03-17,DUM09,1178.04
2026-03-18,DUM09,1155.1
2026-03-19,DUM09,1152.62
2026-03-20,DUM09,1154.33
2026-03-23,DUM09,1180.09
2026-03-24,DUM09,1140.48
2026-03-25,DUM09,1175.89
2026-03-26,DUM09,1172.6
2026-03-27,DUM09,1163.0
2026-03-30,DUM09,1139.83
2026-03-31,DUM09,1102.42
2026-01-01,DUM10,1671.34
2026-01-02,DUM10,1649.07
2026-01-05,DUM10,1607.99
2026-01-06,DUM10,1601.74
2026-01-07,DUM10,1572.07
2026-01-08,DUM10,1568.94
2026-01-09,DUM10,1569.59
2026-01-12,DUM10,1535.37
2026-01-13,DUM10,1557.09
2026-01-14,DUM10,1553.77
2026-01-15,DUM10,1583.0
2026-01-16,DUM10,1534.4
2026-01-19,DUM10,1508.79
2026-01-20,DUM10,1522.79
2026-01-21,DUM10,1502.99
2026-01-22,DUM10,1499.6
2026-01-23,DUM10,1500.41
2026-01-26,DUM10,1505.22
2026-01-27,DUM10,1488.75
2026-01-28,DUM10,1493.3
2026-01-29,DUM10,1474.31
2026-01-30,DUM10,1491.91
2026-02-02,DUM10,1489.8
2026-02-03,DUM10,1494.49
2026-02-04,DUM10,1560.3
2026-02-05,DUM10,1531.88
2026-02-06,DUM10,1568.69
2026-02-09,DUM10,1498.91
2026-02-10,DUM10,1446.97
2026-02-11,DUM10,1417.34
2026-02-12,DUM10,1389.84
2026-02-13,DUM10,1395.37
2026-02-16,DUM10,1402.95
2026-02-17,DUM10,1397.64
2026-02-18,DUM10,1394.83
2026-02-19,DUM10,1408.03
2026-02-20,DUM10,1428.63
2026-02-23,DUM10,1397.31
2026-02-24,DUM10,1389.48
2026-02-25,DUM10,1388.58
2026-02-26,DUM10,1400.72
2026-02-27,DUM10,1383.14
2026-03-02,DUM10,1381.78
2026-03-03,DUM10,1383.21
2026-03-04,DUM10,1367.45
2026-03-05,DUM10,1351.31
2026-03-06,DUM10,1354.28
2026-03-09,DUM10,1352.01
2026-03-10,DUM10,1364.18
2026-03-11,DUM10,1340.58
2026-03-12,DUM10,1333.33
2026-03-13,DUM10,1328.86
2026-03-16,DUM10,1347.87
2026-03-17,DUM10,1327.12
2026-03-18,DUM10,1333.09
2026-03-19,DUM10,1339.5
2026-03-20,DUM10,1377.54
2026-03-23,DUM10,1354.78
2026-03-24,DUM10,1340.42
2026-03-25,DUM10,1319.86
2026-03-26,DUM10,1283.26
2026-03-27,DUM10,1322.27
2026-03-30,DUM10,1295.18
2026-03-31,DUM10,1277.96
2026-01-01,DUM11,1147.35
2026-01-02,DUM11,1178.54
2026-01-05,DUM11,1141.12
2026-01-06,DUM11,1171.12
2026-01-07,DUM11,1175.19
2026-01-08,DUM11,1173.72
2026-01-09,DUM11,1164.16
2026-01-12,DUM11,1171.57
2026-01-13,DUM11,1171.16
2026-01-14,DUM11,1191.28
2026-01-15,DUM11,1193.65
2026-01-16,DUM11,1196.68
2026-01-19,DUM11,1190.28
2026-01-20,DUM11,1189.51
2026-01-21,DUM11,1195.41
2026-01-22,DUM11,1164.28
2026-01-23,DUM11,1140.44
2026-01-26,DUM11,1153.72
2026-01-27,DUM11,1157.02
2026-01-28,DUM11,1154.02
2026-01-29,DUM11,1154.61
2026-01-30,DUM11,1161.04
2026-02-02,DUM11,1151.68
2026-02-03,DUM11,1138.18
2026-02-04,DUM11,1141.87
2026-02-05,DUM11,1124.97
2026-02-06,DUM11,1132.29
2026-02-09,DUM11,1102.93
2026-02-10,DUM11,1120.63
2026-02-11,DUM11,1129.02
2026-02-12,DUM11,1133.72
2026-02-13,DUM11,1151.1
2026-02-16,DUM11,1180.81
2026-02-17,DUM11,1199.49
2026-02-18,DUM11,1165.84
2026-02-19,DUM11,1143.2
2026-02-20,DUM11,1132.49
2026-02-23,DUM11,1133.21
2026-02-24,DUM11,1142.48
2026-02-25,DUM11,1130.01
2026-02-26,DUM11,1133.51
2026-02-27,DUM11,1120.62
2026-03-02,DUM11,1110.35
2026-03-03,DUM11,1086.62
2026-03-04,DUM11,1071.46
2026-03-05,DUM11,1049.46
2026-03-06,DUM11,1033.97
2026-03-09,DUM11,1050.94
2026-03-10,DUM11,1035.86
2026-03-11,DUM11,1077.98
2026-03-12,DUM11,1086.4
2026-03-13,DUM11,1089.74
2026-03-16,DUM11,1075.62
2026-03-17,DUM11,1087.44
2026-03-18,DUM11,1078.08
2026-03-19,DUM11,1080.35
2026-03-20,DUM11,1123.08
2026-03-23,DUM11,1121.69
2026-03-24,DUM11,1141.75
2026-03-25,DUM11,1129.68
2026-03-26,DUM11,1129.33
2026-03-27,DUM11,1160.31
2026-03-30,DUM11,1149.41
2026-03-31,DUM11,1181.67
2026-01-01,DUM12,755.26
2026-01-02,DUM12,773.84
2026-01-05,DUM12,738.72
2026-01-06,DUM12,761.01
2026-01-07,DUM12,735.25
2026-01-08,DUM12,731.25
2026-01-09,DUM12,751.8
2026-01-12,DUM12,754.47
2026-01-13,DUM12,770.81
2026-01-14,DUM12,783.54
2026-01-15,DUM12,810.07
2026-01-16,DUM12,832.79
2026-01-19,DUM12,823.33
2026-01-20,DUM12,837.24
2026-01-21,DUM12,804.39
2026-01-22,DUM12,803.53
2026-01-23,DUM12,820.97
2026-01-26,DUM12,824.19
2026-01-27,DUM12,834.11
2026-01-28,DUM12,829.85
2026-01-29,DUM12,854.57
2026-01-30,DUM12,853.16
2026-02-02,DUM12,843.21
2026-02-03,DUM12,863.0
2026-02-04,DUM12,831.87
2026-02-05,DUM12,843.06
2026-02-06,DUM12,820.59
2026-02-09,DUM12,848.2
2026-02-10,DUM12,842.82
2026-02-11,DUM12,846.14
2026-02-12,DUM12,855.59
2026-02-13,DUM12,813.05
2026-02-16,DUM12,799.66
2026-02-17,DUM12,821.7
2026-02-18,DUM12,840.59
2026-02-19,DUM12,847.14
2026-02-20,DUM12,817.8
2026-02-23,DUM12,830.6
2026-02-24,DUM12,846.36
2026-02-25,DUM12,847.77
2026-02-26,DUM12,875.09
2026-02-27,DUM12,859.93
2026-03-02,DUM12,848.91
2026-03-03,DUM12,794.46
2026-03-04,DUM12,813.8
2026-03-05,DUM12,820.8
2026-03-06,DUM12,785.28
2026-03-09,DUM12,749.73
2026-03-10,DUM12,733.06
2026-03-11,DUM12,748.5
2026-03-12,DUM12,742.98
2026-03-13,DUM12,727.77
2026-03-16,DUM12,709.06
2026-03-17,DUM12,690.0
2026-03-18,DUM12,655.63
2026-03-19,DUM12,635.34
2026-03-20,DUM12,617.95
2026-03-23,DUM12,629.18
2026-03-24,DUM12,626.74
2026-03-25,DUM12,613.57
2026-03-26,DUM12,650.67
2026-03-27,DUM12,639.73
2026-03-30,DUM12,659.41
2026-03-31,DUM12,687.48
2026-01-01,DUM13,1549.11
2026-01-02,DUM13,1537.33
2026-01-05,DUM13,1523.93
2026-01-06,DUM13,1548.3
2026-01-07,DUM13,1577.92
2026-01-08,DUM13,1565.59
2026-01-09,DUM13,1547.81
2026-01-12,DUM13,1557.54
2026-01-13,DUM13,1545.76
2026-01-14,DUM13,1558.85
2026-01-15,DUM13,1562.99
2026-01-16,DUM13,1530.79
2026-01-19,DUM13,1562.7
2026-01-20,DUM13,1600.53
2026-01-21,DUM13,1587.11
2026-01-22,DUM13,1578.64
2026-01-23,DUM13,1584.6
2026-01-26,DUM13,1591.62
2026-01-27,DUM13,1605.66
2026-01-28,DUM13,1649.18
2026-01-29,DUM13,1645.08
2026-01-30,DUM13,1627.16
2026-02-02,DUM13,1596.64
2026-02-03,DUM13,1580.7
2026-02-04,DUM13,1579.85
2026-02-05,DUM13,1618.06
2026-02-06,DUM13,1606.58
2026-02-09,DUM13,1611.3
2026-02-10,DUM13,1610.79
2026-02-11,DUM13,1636.54
2026-02-12,DUM13,1692.35
2026-02-13,DUM13,1680.04
2026-02-16,DUM13,1668.75
2026-02-17,DUM13,1692.18
2026-02-18,DUM13,1707.63
2026-02-19,DUM13,1750.14
2026-02-20,DUM13,1763.81
2026-02-23,DUM13,1755.07
2026-02-24,DUM13,1768.94
2026-02-25,DUM13,1795.31
2026-02-26,DUM13,1815.07
2026-02-27,DUM13,1827.36
2026-03-02,DUM13,1853.57
2026-03-03,DUM13,1882.72
2026-03-04,DUM13,1917.76
2026-03-05,DUM13,1934.42
2026-03-06,DUM13,1929.86
2026-03-09,DUM13,1933.52
2026-03-10,DUM13,1964.9
2026-03-11,DUM13,1943.0
2026-03-12,DUM13,1952.51
2026-03-13,DUM13,1941.94
2026-03-16,DUM13,1942.52
2026-03-17,DUM13,1975.94
2026-03-18,DUM13,1980.87
2026-03-19,DUM13,1981.93
2026-03-20,DUM13,1945.28
2026-03-23,DUM13,1964.74
2026-03-24,DUM13,1981.72
2026-03-25,DUM13,2039.54
2026-03-26,DUM13,2030.86
2026-03-27,DUM13,2036.69
2026-03-30,DUM13,2043.38
2026-03-31,DUM13,2086.8
2026-01-01,DUM14,2902.34
2026-01-02,DUM14,2929.22
2026-01-05,DUM14,2916.88
2026-01-06,DUM14,2890.16
2026-01-07,DUM14,2866.42
2026-01-08,DUM14,2877.79
2026-01-09,DUM14,2759.82
2026-01-12,DUM14,2820.17
2026-01-13,DUM14,2789.52
2026-01-14,DUM14,2797.62
2026-01-15,DUM14,2820.9
2026-01-16,DUM14,2787.32
2026-01-19,DUM14,2779.07
2026-01-20,DUM14,2650.97
2026-01-21,DUM14,2694.95
2026-01-22,DUM14,2760.91
2026-01-23,DUM14,2654.55
2026-01-26,DUM14,2630.13
2026-01-27,DUM14,2556.87
2026-01-28,DUM14,2546.6
2026-01-29,DUM14,2584.03
2026-01-30,DUM14,2641.85
2026-02-02,DUM14,2709.0
2026-02-03,DUM14,2789.45
2026-02-04,DUM14,2775.41
2026-02-05,DUM14,2703.33
2026-02-06,DUM14,2696.33
2026-02-09,DUM14,2735.03
2026-02-10,DUM14,2659.02
2026-02-11,DUM14,2759.03
2026-02-12,DUM14,2815.17
2026-02-13,DUM14,2802.02
2026-02-16,DUM14,2756.92
2026-02-17,DUM14,2715.15
2026-02-18,DUM14,2719.74
2026-02-19,DUM14,2705.63
2026-02-20,DUM14,2763.9
2026-02-23,DUM14,2742.45
2026-02-24,DUM14,2773.87
2026-02-25,DUM14,2772.08
2026-02-26,DUM14,2789.03
2026-02-27,DUM14,2774.52
2026-03-02,DUM14,2819.02
2026-03-03,DUM14,2865.18
2026-03-04,DUM14,2895.05
2026-03-05,DUM14,2934.92
2026-03-06,DUM14,2872.16
2026-03-09,DUM14,2893.21
2026-03-10,DUM14,2975.1
2026-03-11,DUM14,3008.24
2026-03-12,DUM14,2938.03
2026-03-13,DUM14,2934.74
2026-03-16,DUM14,2959.69
2026-03-17,DUM14,2908.93
2026-03-18,DUM14,2819.45
2026-03-19,DUM14,2799.29
2026-03-20,DUM14,2752.33
2026-03-23,DUM14,2751.46
2026-03-24,DUM14,2652.29
2026-03-25,DUM14,2686.24
2026-03-26,DUM14,2647.65
2026-03-27,DUM14,2707.39
2026-03-30,DUM14,2690.43
2026-03-31,DUM14,2688.9
2026-01-01,DUM15,255.55
2026-01-02,DUM15,259.37
2026-01-05,DUM15,263.38
2026-01-06,DUM15,265.59
2026-01-07,DUM15,260.57
2026-01-08,DUM15,260.34
2026-01-09,DUM15,260.33
2026-01-12,DUM15,254.44
2026-01-13,DUM15,261.95
2026-01-14,DUM15,266.47
2026-01-15,DUM15,265.33
2026-01-16,DUM15,265.48
2026-01-19,DUM15,266.58
2026-01-20,DUM15,255.92
2026-01-21,DUM15,254.7
2026-01-22,DUM15,251.31
2026-01-23,DUM15,246.39
2026-01-26,DUM15,245.04
2026-01-27,DUM15,253.69
2026-01-28,DUM15,256.89
2026-01-29,DUM15,254.03
2026-01-30,DUM15,256.89
2026-02-02,DUM15,263.95
2026-02-03,DUM15,268.75
2026-02-04,DUM15,269.08
2026-02-05,DUM15,265.68
2026-02-06,DUM15,269.33
2026-02-09,DUM15,271.42
2026-02-10,DUM15,276.2
2026-02-11,DUM15,279.65
2026-02-12,DUM15,285.42
2026-02-13,DUM15,282.44
2026-02-16,DUM15,289.75
2026-02-17,DUM15,290.88
2026-02-18,DUM15,302.73
2026-02-19,DUM15,298.66
2026-02-20,DUM15,308.83
2026-02-23,DUM15,310.05
2026-02-24,DUM15,306.11
2026-02-25,DUM15,303.22
2026-02-26,DUM15,301.33
2026-02-27,DUM15,303.85
2026-03-02,DUM15,306.98
2026-03-03,DUM15,303.55
2026-03-04,DUM15,303.42
2026-03-05,DUM15,316.17
2026-03-06,DUM15,326.9
2026-03-09,DUM15,329.71
2026-03-10,DUM15,329.97
2026-03-11,DUM15,330.77
2026-03-12,DUM15,334.76
2026-03-13,DUM15,328.07
2026-03-16,DUM15,326.43
2026-03-17,DUM15,315.77
2026-03-18,DUM15,318.26
2026-03-19,DUM15,322.31
2026-03-20,DUM15,319.28
2026-03-23,DUM15,329.15
2026-03-24,DUM15,321.26
2026-03-25,DUM15,312.05
2026-03-26,DUM15,313.44
2026-03-27,DUM15,319.89
2026-03-30,DUM15,330.47
2026-03-31,DUM15,327.51
2026-01-01,DUM16,1418.43
2026-01-02,DUM16,1396.36
2026-01-05,DUM16,1428.35
2026-01-06,DUM16,1436.22
2026-01-07,DUM16,1458.36
2026-01-08,DUM16,1407.85
2026-01-09,DUM16,1462.83
2026-01-12,DUM16,1495.38
2026-01-13,DUM16,1512.93
2026-01-14,DUM16,1484.61
2026-01-15,DUM16,1498.8
2026-01-16,DUM16,1487.29
2026-01-19,DUM16,1419.24
2026-01-20,DUM16,1417.93
2026-01-21,DUM16,1412.39
2026-01-22,DUM16,1455.12
2026-01-23,DUM16,1364.74
2026-01-26,DUM16,1374.4
2026-01-27,DUM16,1330.57
2026-01-28,DUM16,1343.12
2026-01-29,DUM16,1357.85
2026-01-30,DUM16,1355.21
2026-02-02,DUM16,1386.52
2026-02-03,DUM16,1338.8
2026-02-04,DUM16,1381.0
2026-02-05,DUM16,1354.28
2026-02-06,DUM16,1295.91
2026-02-09,DUM16,1286.65
2026-02-10,DUM16,1211.75
2026-02-11,DUM16,1220.97
2026-02-12,DUM16,1212.7
2026-02-13,DUM16,1255.2
2026-02-16,DUM16,1278.63
2026-02-17,DUM16,1229.39
2026-02-18,DUM16,1201.11
2026-02-19,DUM16,1219.21
2026-02-20,DUM16,1248.74
2026-02-23,DUM16,1292.11
2026-02-24,DUM16,1336.7
2026-02-25,DUM16,1334.0
2026-02-26,DUM16,1348.2
2026-02-27,DUM16,1397.91
2026-03-02,DUM16,1386.71
2026-03-03,DUM16,1402.13
2026-03-04,DUM16,1389.98
2026-03-05,DUM16,1369.2
2026-03-06,DUM16,1371.72
2026-03-09,DUM16,1345.97
2026-03-10,DUM16,1341.68
2026-03-11,DUM16,1303.44
2026-03-12,DUM16,1297.13
2026-03-13,DUM16,1314.06
2026-03-16,DUM16,1293.02
2026-03-17,DUM16,1293.99
2026-03-18,DUM16,1299.67
2026-03-19,DUM16,1316.77
2026-03-20,DUM16,1312.49
2026-03-23,DUM16,1353.05
2026-03-24,DUM16,1274.07
2026-03-25,DUM16,1379.55
2026-03-26,DUM16,1346.55
2026-03-27,DUM16,1362.42
2026-03-30,DUM16,1327.27
2026-03-31,DUM16,1351.87
2026-01-01,DUM17,2022.7
2026-01-02,DUM17,2069.85
2026-01-05,DUM17,2066.35
2026-01-06,DUM17,2072.87
2026-01-07,DUM17,2095.48
2026-01-08,DUM17,2109.01
2026-01-09,DUM17,2113.99
2026-01-12,DUM17,2124.37
2026-01-13,DUM17,2186.23
2026-01-14,DUM17,2185.99
2026-01-15,DUM17,2192.46
2026-01-16,DUM17,2221.08
2026-01-19,DUM17,2251.51
2026-01-20,DUM17,2284.55
2026-01-21,DUM17,2303.19
2026-01-22,DUM17,2273.24
2026-01-23,DUM17,2318.65
2026-01-26,DUM17,2288.41
2026-01-27,DUM17,2297.94
2026-01-28,DUM17,2278.67
2026-01-29,DUM17,2278.24
2026-01-30,DUM17,2288.44
2026-02-02,DUM17,2298.49
2026-02-03,DUM17,2311.33
2026-02-04,DUM17,2356.95
2026-02-05,DUM17,2371.0
2026-02-06,DUM17,2365.48
2026-02-09,DUM17,2393.93
2026-02-10,DUM17,2429.12
2026-02-11,DUM17,2395.09
2026-02-12,DUM17,2413.46
2026-02-13,DUM17,2434.94
2026-02-16,DUM17,2427.73
2026-02-17,DUM17,2468.79
2026-02-18,DUM17,2465.81
2026-02-19,DUM17,2470.9
2026-02-20,DUM17,2467.23
2026-02-23,DUM17,2469.1
2026-02-24,DUM17,2438.37
2026-02-25,DUM17,2398.06
2026-02-26,DUM17,2444.85
2026-02-27,DUM17,2421.65
2026-03-02,DUM17,2394.52
2026-03-03,DUM17,2334.65
2026-03-04,DUM17,2318.27
2026-03-05,DUM17,2283.16
2026-03-06,DUM17,2329.0
2026-03-09,DUM17,2358.27
2026-03-10,DUM17,2340.34
2026-03-11,DUM17,2404.3
2026-03-12,DUM17,2433.72
2026-03-13,DUM17,2425.72
2026-03-16,DUM17,2355.09
2026-03-17,DUM17,2420.53
2026-03-18,DUM17,2381.97
2026-03-19,DUM17,2336.78
2026-03-20,DUM17,2366.5
2026-03-23,DUM17,2436.43
2026-03-24,DUM17,2477.89
2026-03-25,DUM17,2495.91
2026-03-26,DUM17,2514.97
2026-03-27,DUM17,2541.9
2026-03-30,DUM17,2566.28
2026-03-31,DUM17,2576.32
2026-01-01,DUM18,767.06
2026-01-02,DUM18,772.22
2026-01-05,DUM18,772.34
2026-01-06,DUM18,764.53
2026-01-07,DUM18,757.48
2026-01-08,DUM18,749.53
2026-01-09,DUM18,758.09
2026-01-12,DUM18,753.25
2026-01-13,DUM18,737.51
2026-01-14,DUM18,741.18
2026-01-15,DUM18,754.16
2026-01-16,DUM18,761.09
2026-01-19,DUM18,756.35
2026-01-20,DUM18,743.31
2026-01-21,DUM18,742.59
2026-01-22,DUM18,741.66
2026-01-23,DUM18,734.0
2026-01-26,DUM18,738.93
2026-01-27,DUM18,754.61
2026-01-28,DUM18,756.89
2026-01-29,DUM18,758.66
2026-01-30,DUM18,751.1
2026-02-02,DUM18,763.26
2026-02-03,DUM18,763.03
2026-02-04,DUM18,758.48
2026-02-05,DUM18,759.43
2026-02-06,DUM18,763.85
2026-02-09,DUM18,765.45
2026-02-10,DUM18,776.21
2026-02-11,DUM18,779.96
2026-02-12,DUM18,777.9
2026-02-13,DUM18,781.81
2026-02-16,DUM18,786.6
2026-02-17,DUM18,775.6
2026-02-18,DUM18,786.0
2026-02-19,DUM18,783.77
2026-02-20,DUM18,781.77
2026-02-23,DUM18,788.77
2026-02-24,DUM18,795.8
2026-02-25,DUM18,789.97
2026-02-26,DUM18,797.5
2026-02-27,DUM18,792.92
2026-03-02,DUM18,809.51
2026-03-03,DUM18,802.43
2026-03-04,DUM18,805.01
2026-03-05,DUM18,798.39
2026-03-06,DUM18,818.7
2026-03-09,DUM18,807.78
2026-03-10,DUM18,812.96
2026-03-11,DUM18,806.7
2026-03-12,DUM18,803.93
2026-03-13,DUM18,808.44
2026-03-16,DUM18,819.97
2026-03-17,DUM18,835.32
2026-03-18,DUM18,821.38
2026-03-19,DUM18,824.29
2026-03-20,DUM18,838.21
2026-03-23,DUM18,822.83
2026-03-24,DUM18,826.16
2026-03-25,DUM18,826.59
2026-03-26,DUM18,830.87
2026-03-27,DUM18,824.12
2026-03-30,DUM18,811.3
2026-03-31,DUM18,794.35
2026-01-01,DUM19,2204.39
2026-01-02,DUM19,2312.16
2026-01-05,DUM19,2286.76
2026-01-06,DUM19,2273.62
2026-01-07,DUM19,2234.91
2026-01-08,DUM19,2167.99
2026-01-09,DUM19,2126.71
2026-01-12,DUM19,2049.76
2026-01-13,DUM19,2052.51
2026-01-14,DUM19,2006.04
2026-01-15,DUM19,2020.67
2026-01-16,DUM19,1927.56
2026-01-19,DUM19,1947.2
2026-01-20,DUM19,1996.24
2026-01-21,DUM19,1878.18
2026-01-22,DUM19,1899.74
2026-01-23,DUM19,1969.91
2026-01-26,DUM19,1899.48
2026-01-27,DUM19,1994.85
2026-01-28,DUM19,2020.42
2026-01-29,DUM19,1978.59
2026-01-30,DUM19,1975.94
2026-02-02,DUM19,2009.48
2026-02-03,DUM19,2014.69
2026-02-04,DUM19,2047.71
2026-02-05,DUM19,1992.15
2026-02-06,DUM19,2002.85
2026-02-09,DUM19,1919.05
2026-02-10,DUM19,1913.31
2026-02-11,DUM19,1862.34
2026-02-12,DUM19,1822.09
2026-02-13,DUM19,1889.85
2026-02-16,DUM19,1951.98
2026-02-17,DUM19,1988.07
2026-02-18,DUM19,1923.94
2026-02-19,DUM19,1906.41
2026-02-20,DUM19,1976.0
2026-02-23,DUM19,1984.99
2026-02-24,DUM19,2122.94
2026-02-25,DUM19,2148.53
2026-02-26,DUM19,2161.53
2026-02-27,DUM19,2142.31
2026-03-02,DUM19,2151.53
2026-03-03,DUM19,2142.44
2026-03-04,DUM19,2188.38
2026-03-05,DUM19,2251.53
2026-03-06,DUM19,2199.48
2026-03-09,DUM19,2112.86
2026-03-10,DUM19,1997.83
2026-03-11,DUM19,2028.75
2026-03-12,DUM19,1962.64
2026-03-13,DUM19,1837.25
2026-03-16,DUM19,1859.14
2026-03-17,DUM19,1997.97
2026-03-18,DUM19,1998.26
2026-03-19,DUM19,2048.88
2026-03-20,DUM19,2054.54
2026-03-23,DUM19,2049.14
2026-03-24,DUM19,2105.98
2026-03-25,DUM19,2088.43
2026-03-26,DUM19,2105.76
2026-03-27,DUM19,2126.64
2026-03-30,DUM19,2084.95
2026-03-31,DUM19,2147.31
2026-01-01,DUM20,284.7
2026-01-02,DUM20,289.75
2026-01-05,DUM20,289.97
2026-01-06,DUM20,290.65
2026-01-07,DUM20,289.79
2026-01-08,DUM20,290.58
2026-01-09,DUM20,300.24
2026-01-12,DUM20,299.05
2026-01-13,DUM20,296.45
2026-01-14,DUM20,298.58
2026-01-15,DUM20,288.44
2026-01-16,DUM20,288.71
2026-01-19,DUM20,287.28
2026-01-20,DUM20,283.46
2026-01-21,DUM20,285.42
2026-01-22,DUM20,285.64
2026-01-23,DUM20,278.72
2026-01-26,DUM20,276.31
2026-01-27,DUM20,265.58
2026-01-28,DUM20,266.65
2026-01-29,DUM20,267.68
2026-01-30,DUM20,264.84
2026-02-02,DUM20,266.78
2026-02-03,DUM20,262.19
2026-02-04,DUM20,258.79
2026-02-05,DUM20,260.26
2026-02-06,DUM20,257.86
2026-02-09,DUM20,257.66
2026-02-10,DUM20,255.72
2026-02-11,DUM20,254.32
2026-02-12,DUM20,253.08
2026-02-13,DUM20,250.69
2026-02-16,DUM20,251.72
2026-02-17,DUM20,249.61
2026-02-18,DUM20,249.68
2026-02-19,DUM20,247.24
2026-02-20,DUM20,242.15
2026-02-23,DUM20,245.14
2026-02-24,DUM20,246.81
2026-02-25,DUM20,254.43
2026-02-26,DUM20,250.87
2026-02-27,DUM20,250.18
2026-03-02,DUM20,249.76
2026-03-03,DUM20,253.1
2026-03-04,DUM20,251.39
2026-03-05,DUM20,247.44
2026-03-06,DUM20,251.48
2026-03-09,DUM20,250.43
2026-03-10,DUM20,253.41
2026-03-11,DUM20,256.02
2026-03-12,DUM20,255.94
2026-03-13,DUM20,255.35
2026-03-16,DUM20,254.02
2026-03-17,DUM20,253.98
2026-03-18,DUM20,256.95
2026-03-19,DUM20,254.21
2026-03-20,DUM20,254.6
2026-03-23,DUM20,250.78
2026-03-24,DUM20,247.44
2026-03-25,DUM20,247.35
2026-03-26,DUM20,240.83
2026-03-27,DUM20,247.53
2026-03-30,DUM20,243.57
2026-03-31,DUM20,243.46
2026-01-01,DUM21,981.17
2026-01-02,DUM21,950.62
2026-01-05,DUM21,978.27
2026-01-06,DUM21,974.63
2026-01-07,DUM21,962.25
2026-01-08,DUM21,982.14
2026-01-09,DUM21,970.88
2026-01-12,DUM21,1005.84
2026-01-13,DUM21,1019.52
2026-01-14,DUM21,1010.18
2026-01-15,DUM21,1053.09
2026-01-16,DUM21,1041.02
2026-01-19,DUM21,1056.48
2026-01-20,DUM21,1063.03
2026-01-21,DUM21,1090.43
2026-01-22,DUM21,1124.07
2026-01-23,DUM21,1125.18
2026-01-26,DUM21,1109.04
2026-01-27,DUM21,1119.4
2026-01-28,DUM21,1105.0
2026-01-29,DUM21,1148.83
2026-01-30,DUM21,1152.31
2026-02-02,DUM21,1144.51
2026-02-03,DUM21,1149.05
2026-02-04,DUM21,1119.25
2026-02-05,DUM21,1098.43
2026-02-06,DUM21,1124.57
2026-02-09,DUM21,1110.56
2026-02-10,DUM21,1088.27
2026-02-11,DUM21,1100.06
2026-02-12,DUM21,1125.93
2026-02-13,DUM21,1142.14
2026-02-16,DUM21,1164.76
2026-02-17,DUM21,1147.98
2026-02-18,DUM21,1116.53
2026-02-19,DUM21,1149.66
2026-02-20,DUM21,1142.84
2026-02-23,DUM21,1137.66
2026-02-24,DUM21,1167.57
2026-02-25,DUM21,1180.67
2026-02-26,DUM21,1191.6
2026-02-27,DUM21,1242.4
2026-03-02,DUM21,1227.24
2026-03-03,DUM21,1249.91
2026-03-04,DUM21,1251.76
2026-03-05,DUM21,1258.78
2026-03-06,DUM21,1296.79
2026-03-09,DUM21,1310.12
2026-03-10,DUM21,1324.36
2026-03-11,DUM21,1352.57
2026-03-12,DUM21,1343.43
2026-03-13,DUM21,1321.91
2026-03-16,DUM21,1295.43
2026-03-17,DUM21,1246.18
2026-03-18,DUM21,1296.65
2026-03-19,DUM21,1269.2
2026-03-20,DUM21,1264.18
2026-03-23,DUM21,1257.8
2026-03-24,DUM21,1265.81
2026-03-25,DUM21,1286.43
2026-03-26,DUM21,1308.5
2026-03-27,DUM21,1294.08
2026-03-30,DUM21,1290.33
2026-03-31,DUM21,1297.92
2026-01-01,DUM22,2331.95
2026-01-02,DUM22,2378.19
2026-01-05,DUM22,2312.15
2026-01-06,DUM22,2343.62
2026-01-07,DUM22,2364.42
2026-01-08,DUM22,2366.61
2026-01-09,DUM22,2360.89
2026-01-12,DUM22,2355.71
2026-01-13,DUM22,2407.37
2026-01-14,DUM22,2444.98
2026-01-15,DUM22,2447.26
2026-01-16,DUM22,2349.55
2026-01-19,DUM22,2381.0
2026-01-20,DUM22,2427.51
2026-01-21,DUM22,2577.67
2026-01-22,DUM22,2652.37
2026-01-23,DUM22,2517.47
2026-01-26,DUM22,2523.06
2026-01-27,DUM22,2646.01
2026-01-28,DUM22,2690.6
2026-01-29,DUM22,2714.64
2026-01-30,DUM22,2780.55
2026-02-02,DUM22,2734.42
2026-02-03,DUM22,2769.82
2026-02-04,DUM22,2751.51
2026-02-05,DUM22,2750.38
2026-02-06,DUM22,2811.85
2026-02-09,DUM22,2742.23
2026-02-10,DUM22,2837.34
2026-02-11,DUM22,2805.47
2026-02-12,DUM22,2825.42
2026-02-13,DUM22,2719.54
2026-02-16,DUM22,2772.39
2026-02-17,DUM22,2880.34
2026-02-18,DUM22,2840.89
2026-02-19,DUM22,2756.56
2026-02-20,DUM22,2777.44
2026-02-23,DUM22,2886.21
2026-02-24,DUM22,2774.23
2026-02-25,DUM22,2692.17
2026-02-26,DUM22,2659.66
2026-02-27,DUM22,2601.4
2026-03-02,DUM22,2544.64
2026-03-03,DUM22,2401.91
2026-03-04,DUM22,2440.16
2026-03-05,DUM22,2462.62
2026-03-06,DUM22,2350.62
2026-03-09,DUM22,2442.82
2026-03-10,DUM22,2553.32
2026-03-11,DUM22,2502.15
2026-03-12,DUM22,2580.78
2026-03-13,DUM22,2541.39
2026-03-16,DUM22,2554.03
2026-03-17,DUM22,2497.03
2026-03-18,DUM22,2645.72
2026-03-19,DUM22,2625.0
2026-03-20,DUM22,2634.21
2026-03-23,DUM22,2585.87
2026-03-24,DUM22,2715.35
2026-03-25,DUM22,2853.16
2026-03-26,DUM22,2978.38
2026-03-27,DUM22,3055.18
2026-03-30,DUM22,3004.3
2026-03-31,DUM22,3071.4
2026-01-01,DUM23,2479.39
2026-01-02,DUM23,2466.78
2026-01-05,DUM23,2486.98
2026-01-06,DUM23,2514.77
2026-01-07,DUM23,2517.7
2026-01-08,DUM23,2561.01
2026-01-09,DUM23,2527.65
2026-01-12,DUM23,2522.37
2026-01-13,DUM23,2501.88
2026-01-14,DUM23,2448.35
2026-01-15,DUM23,2446.38
2026-01-16,DUM23,2443.31
2026-01-19,DUM23,2486.35
2026-01-20,DUM23,2504.82
2026-01-21,DUM23,2475.58
2026-01-22,DUM23,2528.92
2026-01-23,DUM23,2564.94
2026-01-26,DUM23,2582.55
2026-01-27,DUM23,2576.18
2026-01-28,DUM23,2548.04
2026-01-29,DUM23,2537.47
2026-01-30,DUM23,2569.73
2026-02-02,DUM23,2626.01
2026-02-03,DUM23,2673.17
2026-02-04,DUM23,2658.48
2026-02-05,DUM23,2624.52
2026-02-06,DUM23,2629.18
2026-02-09,DUM23,2575.91
2026-02-10,DUM23,2585.9
2026-02-11,DUM23,2581.88
2026-02-12,DUM23,2568.37
2026-02-13,DUM23,2521.49
2026-02-16,DUM23,2536.81
2026-02-17,DUM23,2521.59
2026-02-18,DUM23,2487.91
2026-02-19,DUM23,2405.81
2026-02-20,DUM23,2405.4
2026-02-23,DUM23,2454.96
2026-02-24,DUM23,2502.39
2026-02-25,DUM23,2489.56
2026-02-26,DUM23,2472.63
2026-02-27,DUM23,2486.37
2026-03-02,DUM23,2458.09
2026-03-03,DUM23,2467.02
2026-03-04,DUM23,2489.2
2026-03-05,DUM23,2524.82
2026-03-06,DUM23,2522.27
2026-03-09,DUM23,2516.72
2026-03-10,DUM23,2491.59
2026-03-11,DUM23,2468.18
2026-03-12,DUM23,2462.1
2026-03-13,DUM23,2472.9
2026-03-16,DUM23,2499.34
2026-03-17,DUM23,2476.55
2026-03-18,DUM23,2519.58
2026-03-19,DUM23,2512.07
2026-03-20,DUM23,2511.82
2026-03-23,DUM23,2490.53
2026-03-24,DUM23,2421.22
2026-03-25,DUM23,2446.28
2026-03-26,DUM23,2467.45
2026-03-27,DUM23,2459.8
2026-03-30,DUM23,2462.07
2026-03-31,DUM23,2477.1
2026-01-01,DUM24,2858.65
2026-01-02,DUM24,2809.64
2026-01-05,DUM24,2751.6
2026-01-06,DUM24,2779.58
2026-01-07,DUM24,2710.78
2026-01-08,DUM24,2830.38
2026-01-09,DUM24,2833.83
2026-01-12,DUM24,2851.23
2026-01-13,DUM24,2808.15
2026-01-14,DUM24,2791.17
2026-01-15,DUM24,2768.58
2026-01-16,DUM24,2740.31
2026-01-19,DUM24,2771.49
2026-01-20,DUM24,2747.89
2026-01-21,DUM24,2798.58
2026-01-22,DUM24,2934.83
2026-01-23,DUM24,2918.15
2026-01-26,DUM24,2925.58
2026-01-27,DUM24,2945.24
2026-01-28,DUM24,3042.53
2026-01-29,DUM24,3037.14
2026-01-30,DUM24,2990.11
2026-02-02,DUM24,2919.77
2026-02-03,DUM24,2915.92
2026-02-04,DUM24,2891.16
2026-02-05,DUM24,2997.21
2026-02-06,DUM24,3093.93
2026-02-09,DUM24,3034.34
2026-02-10,DUM24,2993.94
2026-02-11,DUM24,2997.24
2026-02-12,DUM24,3073.44
2026-02-13,DUM24,3075.88
2026-02-16,DUM24,3038.52
2026-02-17,DUM24,3034.47
2026-02-18,DUM24,2998.65
2026-02-19,DUM24,3031.09
2026-02-20,DUM24,2990.83
2026-02-23,DUM24,2962.02
2026-02-24,DUM24,3024.52
2026-02-25,DUM24,2981.05
2026-02-26,DUM24,2901.08
2026-02-27,DUM24,2905.41
2026-03-02,DUM24,2885.43
2026-03-03,DUM24,2911.81
2026-03-04,DUM24,2928.06
2026-03-05,DUM24,2925.61
2026-03-06,DUM24,2921.58
2026-03-09,DUM24,2881.34
2026-03-10,DUM24,2885.02
2026-03-11,DUM24,2931.01
2026-03-12,DUM24,2877.84
2026-03-13,DUM24,2876.83
2026-03-16,DUM24,2931.0
2026-03-17,DUM24,2957.48
2026-03-18,DUM24,3027.89
2026-03-19,DUM24,2995.52
2026-03-20,DUM24,2893.98
2026-03-23,DUM24,2903.92
2026-03-24,DUM24,2922.53
2026-03-25,DUM24,2995.28
2026-03-26,DUM24,3059.92
2026-03-27,DUM24,3089.33
2026-03-30,DUM24,3132.0
2026-03-31,DUM24,3120.17
2026-01-01,DUM25,1597.21
2026-01-02,DUM25,1636.3
2026-01-05,DUM25,1622.94
2026-01-06,DUM25,1607.02
2026-01-07,DUM25,1570.05
2026-01-08,DUM25,1585.71
2026-01-09,DUM25,1663.68
2026-01-12,DUM25,1620.94
2026-01-13,DUM25,1621.63
2026-01-14,DUM25,1676.14
2026-01-15,DUM25,1672.69
2026-01-16,DUM25,1690.52
2026-01-19,DUM25,1647.3
2026-01-20,DUM25,1663.91
2026-01-21,DUM25,1656.2
2026-01-22,DUM25,1694.99
2026-01-23,DUM25,1742.86
2026-01-26,DUM25,1850.53
2026-01-27,DUM25,1875.89
2026-01-28,DUM25,1890.22
2026-01-29,DUM25,1898.71
2026-01-30,DUM25,1882.37
2026-02-02,DUM25,1897.31
2026-02-03,DUM25,1883.6
2026-02-04,DUM25,1890.9
2026-02-05,DUM25,1950.19
2026-02-06,DUM25,1902.93
2026-02-09,DUM25,1954.51
2026-02-10,DUM25,2015.78
2026-02-11,DUM25,2009.76
2026-02-12,DUM25,1907.45
2026-02-13,DUM25,1879.42
2026-02-16,DUM25,1937.43
2026-02-17,DUM25,1936.06
2026-02-18,DUM25,1889.48
2026-02-19,DUM25,1866.37
2026-02-20,DUM25,1903.6
2026-02-23,DUM25,1928.19
2026-02-24,DUM25,1916.87
2026-02-25,DUM25,1899.75
2026-02-26,DUM25,1881.65
2026-02-27,DUM25,1839.84
2026-03-02,DUM25,1910.63
2026-03-03,DUM25,1895.6
2026-03-04,DUM25,1950.49
2026-03-05,DUM25,2021.15
2026-03-06,DUM25,2069.09
2026-03-09,DUM25,2047.41
2026-03-10,DUM25,2066.85
2026-03-11,DUM25,2065.33
2026-03-12,DUM25,2020.36
2026-03-13,DUM25,2035.72
2026-03-16,DUM25,1977.99
2026-03-17,DUM25,2033.86
2026-03-18,DUM25,2010.94
2026-03-19,DUM25,2020.3
2026-03-20,DUM25,2033.67
2026-03-23,DUM25,2020.76
2026-03-24,DUM25,2048.79
2026-03-25,DUM25,2025.2
2026-03-26,DUM25,2067.08
2026-03-27,DUM25,2000.21
2026-03-30,DUM25,2005.94
2026-03-31,DUM25,2098.65
2026-01-01,DUM26,960.99
2026-01-02,DUM26,947.39
2026-01-05,DUM26,954.6
2026-01-06,DUM26,961.29
2026-01-07,DUM26,948.76
2026-01-08,DUM26,957.1
2026-01-09,DUM26,959.78
2026-01-12,DUM26,966.33
2026-01-13,DUM26,956.27
2026-01-14,DUM26,957.7
2026-01-15,DUM26,940.18
2026-01-16,DUM26,917.25
2026-01-19,DUM26,918.53
2026-01-20,DUM26,929.21
2026-01-21,DUM26,931.61
2026-01-22,DUM26,930.88
2026-01-23,DUM26,928.92
2026-01-26,DUM26,919.48
2026-01-27,DUM26,917.21
2026-01-28,DUM26,921.23
2026-01-29,DUM26,916.86
2026-01-30,DUM26,924.09
2026-02-02,DUM26,925.93
2026-02-03,DUM26,928.95
2026-02-04,DUM26,937.66
2026-02-05,DUM26,932.29
2026-02-06,DUM26,938.74
2026-02-09,DUM26,934.77
2026-02-10,DUM26,938.05
2026-02-11,DUM26,931.49
2026-02-12,DUM26,922.34
2026-02-13,DUM26,923.15
2026-02-16,DUM26,904.49
2026-02-17,DUM26,901.53
2026-02-18,DUM26,885.99
2026-02-19,DUM26,893.26
2026-02-20,DUM26,903.16
2026-02-23,DUM26,894.75
2026-02-24,DUM26,898.73
2026-02-25,DUM26,907.25
2026-02-26,DUM26,915.89
2026-02-27,DUM26,917.88
2026-03-02,DUM26,924.97
2026-03-03,DUM26,918.46
2026-03-04,DUM26,919.18
2026-03-05,DUM26,914.5
2026-03-06,DUM26,907.25
2026-03-09,DUM26,907.5
2026-03-10,DUM26,910.76
2026-03-11,DUM26,921.96
2026-03-12,DUM26,924.47
2026-03-13,DUM26,930.7
2026-03-16,DUM26,937.08
2026-03-17,DUM26,963.83
2026-03-18,DUM26,945.12
2026-03-19,DUM26,938.09
2026-03-20,DUM26,952.73
2026-03-23,DUM26,949.05
2026-03-24,DUM26,957.91
2026-03-25,DUM26,960.16
2026-03-26,DUM26,981.61
2026-03-27,DUM26,969.85
2026-03-30,DUM26,982.38
2026-03-31,DUM26,1000.61
2026-01-01,DUM27,2112.01
2026-01-02,DUM27,2075.77
2026-01-05,DUM27,2166.83
2026-01-06,DUM27,2158.93
2026-01-07,DUM27,2164.13
2026-01-08,DUM27,2188.11
2026-01-09,DUM27,2189.85
2026-01-12,DUM27,2264.82
2026-01-13,DUM27,2236.07
2026-01-14,DUM27,2244.69
2026-01-15,DUM27,2210.75
2026-01-16,DUM27,2151.47
2026-01-19,DUM27,2124.63
2026-01-20,DUM27,2122.86
2026-01-21,DUM27,2104.22
2026-01-22,DUM27,2074.54
2026-01-23,DUM27,2015.29
2026-01-26,DUM27,2011.73
2026-01-27,DUM27,1950.26
2026-01-28,DUM27,1980.11
2026-01-29,DUM27,1983.24
2026-01-30,DUM27,1924.54
2026-02-02,DUM27,1912.33
2026-02-03,DUM27,1883.04
2026-02-04,DUM27,1895.04
2026-02-05,DUM27,1946.31
2026-02-06,DUM27,1872.25
2026-02-09,DUM27,1876.45
2026-02-10,DUM27,1870.2
2026-02-11,DUM27,1895.46
2026-02-12,DUM27,1903.48
2026-02-13,DUM27,1874.34
2026-02-16,DUM27,1862.07
2026-02-17,DUM27,1831.89
2026-02-18,DUM27,1871.64
2026-02-19,DUM27,1872.29
2026-02-20,DUM27,1944.2
2026-02-23,DUM27,1941.65
2026-02-24,DUM27,1913.63
2026-02-25,DUM27,1854.81
2026-02-26,DUM27,1786.94
2026-02-27,DUM27,1729.47
2026-03-02,DUM27,1738.67
2026-03-03,DUM27,1756.43
2026-03-04,DUM27,1700.05
2026-03-05,DUM27,1730.71
2026-03-06,DUM27,1713.63
2026-03-09,DUM27,1718.58
2026-03-10,DUM27,1774.53
2026-03-11,DUM27,1806.6
2026-03-12,DUM27,1796.62
2026-03-13,DUM27,1764.05
2026-03-16,DUM27,1687.04
2026-03-17,DUM27,1662.33
2026-03-18,DUM27,1655.08
2026-03-19,DUM27,1621.85
2026-03-20,DUM27,1617.4
2026-03-23,DUM27,1619.78
2026-03-24,DUM27,1612.27
2026-03-25,DUM27,1590.91
2026-03-26,DUM27,1596.2
2026-03-27,DUM27,1610.35
2026-03-30,DUM27,1574.66
2026-03-31,DUM27,1619.51
2026-01-01,DUM28,1809.24
2026-01-02,DUM28,1839.91
2026-01-05,DUM28,1855.33
2026-01-06,DUM28,1881.62
2026-01-07,DUM28,1883.57
2026-01-08,DUM28,1851.15
2026-01-09,DUM28,1779.23
2026-01-12,DUM28,1752.61
2026-01-13,DUM28,1858.75
2026-01-14,DUM28,1837.7
2026-01-15,DUM28,1755.35
2026-01-16,DUM28,1784.06
2026-01-19,DUM28,1818.22
2026-01-20,DUM28,1870.87
2026-01-21,DUM28,1890.35
2026-01-22,DUM28,1926.12
2026-01-23,DUM28,2006.1
2026-01-26,DUM28,1971.53
2026-01-27,DUM28,1928.68
2026-01-28,DUM28,1880.15
2026-01-29,DUM28,1868.25
2026-01-30,DUM28,1928.55
2026-02-02,DUM28,1951.13
2026-02-03,DUM28,1972.23
2026-02-04,DUM28,1890.13
2026-02-05,DUM28,1859.81
2026-02-06,DUM28,1781.69
2026-02-09,DUM28,1828.59
2026-02-10,DUM28,1893.94
2026-02-11,DUM28,1926.94
2026-02-12,DUM28,1883.17
2026-02-13,DUM28,1946.04
2026-02-16,DUM28,1934.28
2026-02-17,DUM28,1880.34
2026-02-18,DUM28,1838.59
2026-02-19,DUM28,1820.08
2026-02-20,DUM28,1821.6
2026-02-23,DUM28,1814.39
2026-02-24,DUM28,1755.63
2026-02-25,DUM28,1803.52
2026-02-26,DUM28,1796.82
2026-02-27,DUM28,1767.16
2026-03-02,DUM28,1811.22
2026-03-03,DUM28,1762.0
2026-03-04,DUM28,1696.27
2026-03-05,DUM28,1744.82
2026-03-06,DUM28,1819.3
2026-03-09,DUM28,1799.67
2026-03-10,DUM28,1797.26
2026-03-11,DUM28,1749.91
2026-03-12,DUM28,1749.62
2026-03-13,DUM28,1730.2
2026-03-16,DUM28,1725.68
2026-03-17,DUM28,1741.23
2026-03-18,DUM28,1697.28
2026-03-19,DUM28,1682.83
2026-03-20,DUM28,1613.37
2026-03-23,DUM28,1599.89
2026-03-24,DUM28,1596.02
2026-03-25,DUM28,1603.86
2026-03-26,DUM28,1612.13
2026-03-27,DUM28,1644.77
2026-03-30,DUM28,1586.75
2026-03-31,DUM28,1532.7
2026-01-01,DUM29,1078.23
2026-01-02,DUM29,1109.91
2026-01-05,DUM29,1119.38
2026-01-06,DUM29,1126.93
2026-01-07,DUM29,1100.58
2026-01-08,DUM29,1092.98
2026-01-09,DUM29,1081.92
2026-01-12,DUM29,1073.33
2026-01-13,DUM29,1071.17
2026-01-14,DUM29,1064.76
2026-01-15,DUM29,1037.38
2026-01-16,DUM29,1047.73
2026-01-19,DUM29,1033.22
2026-01-20,DUM29,1036.65
2026-01-21,DUM29,1064.97
2026-01-22,DUM29,1052.36
2026-01-23,DUM29,1017.72
2026-01-26,DUM29,1014.1
2026-01-27,DUM29,1028.9
2026-01-28,DUM29,1055.45
2026-01-29,DUM29,1038.67
2026-01-30,DUM29,1045.62
2026-02-02,DUM29,1039.45
2026-02-03,DUM29,1038.2
2026-02-04,DUM29,1074.31
2026-02-05,DUM29,1053.39
2026-02-06,DUM29,1057.09
2026-02-09,DUM29,1063.75
2026-02-10,DUM29,1079.06
2026-02-11,DUM29,1080.65
2026-02-12,DUM29,1085.2
2026-02-13,DUM29,1079.85
2026-02-16,DUM29,1083.85
2026-02-17,DUM29,1079.19
2026-02-18,DUM29,1088.17
2026-02-19,DUM29,1083.11
2026-02-20,DUM29,1088.65
2026-02-23,DUM29,1088.44
2026-02-24,DUM29,1104.68
2026-02-25,DUM29,1104.14
2026-02-26,DUM29,1078.74
2026-02-27,DUM29,1096.75
2026-03-02,DUM29,1083.96
2026-03-03,DUM29,1074.89
2026-03-04,DUM29,1066.72
2026-03-05,DUM29,1086.1
2026-03-06,DUM29,1055.95
2026-03-09,DUM29,1099.5
2026-03-10,DUM29,1114.9
2026-03-11,DUM29,1118.36
2026-03-12,DUM29,1117.77
2026-03-13,DUM29,1122.15
2026-03-16,DUM29,1130.01
2026-03-17,DUM29,1139.76
2026-03-18,DUM29,1148.26
2026-03-19,DUM29,1149.82
2026-03-20,DUM29,1147.07
2026-03-23,DUM29,1145.01
2026-03-24,DUM29,1142.31
2026-03-25,DUM29,1159.47
2026-03-26,DUM29,1168.69
2026-03-27,DUM29,1123.95
2026-03-30,DUM29,1133.8
2026-03-31,DUM29,1136.91
2026-01-01,DUM30,108.81
2026-01-02,DUM30,111.67
2026-01-05,DUM30,110.6
2026-01-06,DUM30,108.65
2026-01-07,DUM30,111.62
2026-01-08,DUM30,110.23
2026-01-09,DUM30,107.9
2026-01-12,DUM30,106.16
2026-01-13,DUM30,104.82
2026-01-14,DUM30,106.97
2026-01-15,DUM30,108.29
2026-01-16,DUM30,110.15
2026-01-19,DUM30,111.26
2026-01-20,DUM30,109.71
2026-01-21,DUM30,111.54
2026-01-22,DUM30,114.69
2026-01-23,DUM30,116.29
2026-01-26,DUM30,117.55
2026-01-27,DUM30,115.42
2026-01-28,DUM30,116.02
2026-01-29,DUM30,113.77
2026-01-30,DUM30,113.72
2026-02-02,DUM30,109.31
2026-02-03,DUM30,105.08
2026-02-04,DUM30,104.62
2026-02-05,DUM30,103.27
2026-02-06,DUM30,103.55
2026-02-09,DUM30,103.23
2026-02-10,DUM30,103.31
2026-02-11,DUM30,104.82
2026-02-12,DUM30,103.68
2026-02-13,DUM30,103.15
2026-02-16,DUM30,106.73
2026-02-17,DUM30,106.75
2026-02-18,DUM30,106.31
2026-02-19,DUM30,106.54
2026-02-20,DUM30,106.14
2026-02-23,DUM30,104.37
2026-02-24,DUM30,101.91
2026-02-25,DUM30,100.07
2026-02-26,DUM30,102.16
2026-02-27,DUM30,100.64
2026-03-02,DUM30,100.29
2026-03-03,DUM30,101.97
2026-03-04,DUM30,101.31
2026-03-05,DUM30,102.84
2026-03-06,DUM30,99.09
2026-03-09,DUM30,98.79
2026-03-10,DUM30,98.99
2026-03-11,DUM30,99.06
2026-03-12,DUM30,95.18
2026-03-13,DUM30,97.91
2026-03-16,DUM30,95.94
2026-03-17,DUM30,96.72
2026-03-18,DUM30,96.75
2026-03-19,DUM30,99.07
2026-03-20,DUM30,104.23
2026-03-23,DUM30,101.04
2026-03-24,DUM30,99.5
2026-03-25,DUM30,99.96
2026-03-26,DUM30,97.35
2026-03-27,DUM30,99.17
2026-03-30,DUM30,101.17
2026-03-31,DUM30,102.53
